Group Name,Link
#RememberingTrayvon,http://rememberingtrayvon.com
AORTA,http://aorta.coop
Beyond The Moment,https://www.beyondthemoment.org
Black Land & Liberation Initiative,http://blacklandandliberation.org
Black Mama's Bail Out Action,http://southernersonnewground.org/2017/05/a-labor-of-love/
Black Youth Project 100,http://byp100.org/
Border Crossers,BC group
Challenging White Supremacy Workshop,http://www.cwsworkshop.org/index.html
Claudia Pineda Reyes,https://claudiapinedareyes.wordpress.com/2016/04/20/resources-for-accomplices-aka-allies/
Crossroads Anti-Racism Organizing and Training,http://crossroadsantiracism.org
Intervention & Deescalation,http://www.interventionanddeescalation.com
Justice in Policing toolkit,http://www.justiceinpolicing.com
National Association for Civilian Oversight of Law Enforcement (NACOLE),http://www.nacole.org
National Bail Fund Network,https://brooklynbailfund.org/national-network/
National Mama's Bail Out Day,https://nomoremoneybail.org
Police Assessment Resource Center (PARC),http://www.parc.info
Raising Race Conscious Children,Race Conscious
Samuel Walker,http://samuelwalker.net
Southern Poverty Law Center,SPLC teaching tolerance
St. Louis Anti Racist Collective: Working Assumptions,ARC Workshops: Working Assumptions Doc
The Icarus Project,http://theicarusproject.net
White Awake,https://whiteawake.org
White Noise Collective,http://www.conspireforchange.org/?page_id=4
Catalyst Project,https://collectiveliberation.org